Survived,Pclass,Name,Sex,Age,SibSp,Parch,Fare,Cabin,Embarked,TicketData
0,3,Mr,male,22.0,1,0,7.25,,S,21171.0
1,1,Mrs,female,38.0,1,0,71.2833,C85,C,17599.0
1,3,Miss,female,26.0,0,0,7.925,,S,3101282.0
1,1,Mrs,female,35.0,1,0,53.1,C123,S,113803.0
0,3,Mr,male,35.0,0,0,8.05,,S,373450.0
0,3,Mr,male,,0,0,8.4583,,Q,330877.0
0,1,Mr,male,54.0,0,0,51.8625,E46,S,17463.0
0,3,Master,male,2.0,3,1,21.075,,S,349909.0
1,3,Mrs,female,27.0,0,2,11.1333,,S,347742.0
1,2,Mrs,female,14.0,1,0,30.0708,,C,237736.0
1,3,Miss,female,4.0,1,1,16.7,G6,S,9549.0
1,1,Miss,female,58.0,0,0,26.55,C103,S,113783.0
0,3,Mr,male,20.0,0,0,8.05,,S,2151.0
0,3,Mr,male,39.0,1,5,31.275,,S,347082.0
0,3,Miss,female,14.0,0,0,7.8542,,S,350406.0
1,2,Mrs,female,55.0,0,0,16.0,,S,248706.0
0,3,Master,male,2.0,4,1,29.125,,Q,382652.0
1,2,Mr,male,,0,0,13.0,,S,244373.0
0,3,Mrs,female,31.0,1,0,18.0,,S,345763.0
1,3,Mrs,female,,0,0,7.225,,C,2649.0
0,2,Mr,male,35.0,0,0,26.0,,S,239865.0
1,2,Mr,male,34.0,0,0,13.0,D56,S,248698.0
1,3,Miss,female,15.0,0,0,8.0292,,Q,330923.0
1,1,Mr,male,28.0,0,0,35.5,A6,S,113788.0
0,3,Miss,female,8.0,3,1,21.075,,S,349909.0
1,3,Mrs,female,38.0,1,5,31.3875,,S,347077.0
0,3,Mr,male,,0,0,7.225,,C,2631.0
0,1,Mr,male,19.0,3,2,263.0,C23 C25 C27,S,19950.0
1,3,Miss,female,,0,0,7.8792,,Q,330959.0
0,3,Mr,male,,0,0,7.8958,,S,349216.0
0,1,Don,male,40.0,0,0,27.7208,,C,17601.0
1,1,Mrs,female,,1,0,146.5208,B78,C,17569.0
1,3,Miss,female,,0,0,7.75,,Q,335677.0
0,2,Mr,male,66.0,0,0,10.5,,S,24579.0
0,1,Mr,male,28.0,1,0,82.1708,,C,17604.0
0,1,Mr,male,42.0,1,0,52.0,,S,113789.0
1,3,Mr,male,,0,0,7.2292,,C,2677.0
0,3,Mr,male,21.0,0,0,8.05,,S,2152.0
0,3,Miss,female,18.0,2,0,18.0,,S,345764.0
1,3,Miss,female,14.0,1,0,11.2417,,C,2651.0
0,3,Mrs,female,40.0,1,0,9.475,,S,7546.0
0,2,Mrs,female,27.0,1,0,21.0,,S,11668.0
0,3,Mr,male,,0,0,7.8958,,C,349253.0
1,2,Miss,female,3.0,1,2,41.5792,,C,2123.0
1,3,Miss,female,19.0,0,0,7.8792,,Q,330958.0
0,3,Mr,male,,0,0,8.05,,S,23567.0
0,3,Mr,male,,1,0,15.5,,Q,370371.0
1,3,Miss,female,,0,0,7.75,,Q,14311.0
0,3,Mr,male,,2,0,21.6792,,C,2662.0
0,3,Mrs,female,18.0,1,0,17.8,,S,349237.0
0,3,Master,male,7.0,4,1,39.6875,,S,3101295.0
0,3,Mr,male,21.0,0,0,7.8,,S,39886.0
1,1,Mrs,female,49.0,1,0,76.7292,D33,C,17572.0
1,2,Mrs,female,29.0,1,0,26.0,,S,2926.0
0,1,Mr,male,65.0,0,1,61.9792,B30,C,113509.0
1,1,Mr,male,,0,0,35.5,C52,S,19947.0
1,2,Miss,female,21.0,0,0,10.5,,S,31026.0
0,3,Mr,male,28.5,0,0,7.2292,,C,2697.0
1,2,Miss,female,5.0,1,2,27.75,,S,34651.0
0,3,Master,male,11.0,5,2,46.9,,S,2144.0
0,3,Mr,male,22.0,0,0,7.2292,,C,2669.0
1,1,Miss,female,38.0,0,0,80.0,B28,,113572.0
0,1,Mr,male,45.0,1,0,83.475,C83,S,36973.0
0,3,Master,male,4.0,3,2,27.9,,S,347088.0
0,1,Mr,male,,0,0,27.7208,,C,17605.0
1,3,Master,male,,1,1,15.2458,,C,2661.0
1,2,Mrs,female,29.0,0,0,10.5,F33,S,29395.0
0,3,Mr,male,19.0,0,0,8.1583,,S,3464.0
1,3,Miss,female,17.0,4,2,7.925,,S,3101281.0
0,3,Mr,male,26.0,2,0,8.6625,,S,315151.0
0,2,Mr,male,32.0,0,0,10.5,,S,33111.0
0,3,Miss,female,16.0,5,2,46.9,,S,2144.0
0,2,Mr,male,21.0,0,0,73.5,,S,14879.0
0,3,Mr,male,26.0,1,0,14.4542,,C,2680.0
1,3,Mr,male,32.0,0,0,56.4958,,S,1601.0
0,3,Mr,male,25.0,0,0,7.65,F G73,S,348123.0
0,3,Mr,male,,0,0,7.8958,,S,349208.0
0,3,Mr,male,,0,0,8.05,,S,374746.0
1,2,Master,male,0.83,0,2,29.0,,S,248738.0
1,3,Miss,female,30.0,0,0,12.475,,S,364516.0
0,3,Mr,male,22.0,0,0,9.0,,S,345767.0
1,3,Mr,male,29.0,0,0,9.5,,S,345779.0
1,3,Miss,female,,0,0,7.7875,,Q,330932.0
0,1,Mr,male,28.0,0,0,47.1,,S,113059.0
1,2,Miss,female,17.0,0,0,10.5,,S,14885.0
1,3,Mrs,female,33.0,3,0,15.85,,S,3101278.0
0,3,Mr,male,16.0,1,3,34.375,,S,6608.0
0,3,Mr,male,,0,0,8.05,,S,392086.0
1,1,Miss,female,23.0,3,2,263.0,C23 C25 C27,S,19950.0
0,3,Mr,male,24.0,0,0,8.05,,S,343275.0
0,3,Mr,male,29.0,0,0,8.05,,S,343276.0
0,3,Mr,male,20.0,0,0,7.8542,,S,347466.0
0,1,Mr,male,46.0,1,0,61.175,E31,S,5734.0
0,3,Mr,male,26.0,1,2,20.575,,S,2315.0
0,3,Mr,male,59.0,0,0,7.25,,S,364500.0
0,3,Mr,male,,0,0,8.05,,S,374910.0
0,1,Mr,male,71.0,0,0,34.6542,A5,C,17754.0
1,1,Mr,male,23.0,0,1,63.3583,D10 D12,C,17759.0
1,2,Mrs,female,34.0,0,1,23.0,,S,231919.0
0,2,Mr,male,34.0,1,0,26.0,,S,244367.0
0,3,Miss,female,28.0,0,0,7.8958,,S,349245.0
0,3,Mr,male,,0,0,7.8958,,S,349215.0
0,1,Mr,male,21.0,0,1,77.2875,D26,S,35281.0
0,3,Mr,male,33.0,0,0,8.6542,,S,7540.0
0,3,Mr,male,37.0,2,0,7.925,,S,3101276.0
0,3,Mr,male,28.0,0,0,7.8958,,S,349207.0
1,3,Miss,female,21.0,0,0,7.65,,S,343120.0
1,3,Mr,male,,0,0,7.775,,S,312991.0
0,3,Mr,male,38.0,0,0,7.8958,,S,349249.0
1,3,Miss,female,,1,0,24.15,,Q,371110.0
0,1,Mr,male,47.0,0,0,52.0,C110,S,110465.0
0,3,Miss,female,14.5,1,0,14.4542,,C,2665.0
0,3,Mr,male,22.0,0,0,8.05,,S,324669.0
0,3,Miss,female,20.0,1,0,9.825,,S,4136.0
0,3,Miss,female,17.0,0,0,14.4583,,C,2627.0
0,3,Mr,male,21.0,0,0,7.925,,S,3101294.0
0,3,Mr,male,70.5,0,0,7.75,,Q,370369.0
0,2,Mr,male,29.0,1,0,21.0,,S,11668.0
0,1,Mr,male,24.0,0,1,247.5208,B58 B60,C,17558.0
0,3,Miss,female,2.0,4,2,31.275,,S,347082.0
0,2,Mr,male,21.0,2,0,73.5,,S,14879.0
0,3,Mr,male,,0,0,8.05,,S,54510.0
0,2,Mr,male,32.5,1,0,30.0708,,C,237736.0
1,2,Miss,female,32.5,0,0,13.0,E101,S,27267.0
0,1,Mr,male,54.0,0,1,77.2875,D26,S,35281.0
1,3,Master,male,12.0,1,0,11.2417,,C,2651.0
0,3,Mr,male,,0,0,7.75,,Q,370372.0
1,3,Mr,male,24.0,0,0,7.1417,,S,17369.0
1,3,Miss,female,,1,1,22.3583,F E69,C,2668.0
0,3,Mr,male,45.0,0,0,6.975,,S,347061.0
0,3,Mr,male,33.0,0,0,7.8958,,C,349241.0
0,3,Mr,male,20.0,0,0,7.05,,S,3101307.0
0,3,Mrs,female,47.0,1,0,14.5,,S,3337.0
1,2,Mrs,female,29.0,1,0,26.0,,S,228414.0
0,2,Mr,male,25.0,0,0,13.0,,S,29178.0
0,2,Mr,male,23.0,0,0,15.0458,,C,2133.0
1,1,Miss,female,19.0,0,2,26.2833,D47,S,11752.0
0,1,Mr,male,37.0,1,0,53.1,C123,S,113803.0
0,3,Mr,male,16.0,0,0,9.2167,,S,7534.0
0,1,Mr,male,24.0,0,0,79.2,B86,C,17593.0
0,3,Mrs,female,,0,2,15.2458,,C,2678.0
1,3,Miss,female,22.0,0,0,7.75,,S,347081.0
1,3,Mrs,female,24.0,1,0,15.85,,S,3101279.0
0,3,Mr,male,19.0,0,0,6.75,,Q,365222.0
0,2,Mr,male,18.0,0,0,11.5,,S,231945.0
0,2,Mr,male,19.0,1,1,36.75,,S,33112.0
1,3,Mr,male,27.0,0,0,7.7958,,S,350043.0
0,3,Miss,female,9.0,2,2,34.375,,S,6608.0
0,2,Mr,male,36.5,0,2,26.0,F2,S,230080.0
0,2,Rev,male,42.0,0,0,13.0,,S,244310.0
0,2,Rev,male,51.0,0,0,12.525,,S,1166.0
1,1,Mrs,female,22.0,1,0,66.6,C2,S,113776.0
0,3,Mr,male,55.5,0,0,8.05,,S,11206.0
0,3,Mr,male,40.5,0,2,14.5,,S,851.0
0,3,Mr,male,,0,0,7.3125,,S,265302.0
0,1,Mr,male,51.0,0,1,61.3792,,C,17597.0
1,3,Miss,female,16.0,0,0,7.7333,,Q,35851.0
0,3,Mr,male,30.0,0,0,8.05,,S,392090.0
0,3,Mr,male,,0,0,8.6625,,S,315037.0
0,3,Master,male,,8,2,69.55,,S,2343.0
0,3,Mr,male,44.0,0,1,16.1,,S,371362.0
1,2,Mrs,female,40.0,0,0,15.75,,S,33595.0
0,3,Mr,male,26.0,0,0,7.775,,S,347068.0
0,3,Mr,male,17.0,0,0,8.6625,,S,315093.0
0,3,Master,male,1.0,4,1,39.6875,,S,3101295.0
1,3,Master,male,9.0,0,2,20.525,,S,363291.0
1,1,Mrs,female,,0,1,55.0,E33,S,113505.0
0,3,Mrs,female,45.0,1,4,27.9,,S,347088.0
0,1,Mr,male,,0,0,25.925,,S,17318.0
0,3,Mr,male,28.0,0,0,56.4958,,S,1601.0
0,1,Mr,male,61.0,0,0,33.5,B19,S,111240.0
0,3,Master,male,4.0,4,1,29.125,,Q,382652.0
1,3,Miss,female,1.0,1,1,11.1333,,S,347742.0
0,3,Mr,male,21.0,0,0,7.925,,S,3101280.0
0,1,Mr,male,56.0,0,0,30.6958,A7,C,17764.0
0,3,Mr,male,18.0,1,1,7.8542,,S,350404.0
0,3,Master,male,,3,1,25.4667,,S,4133.0
0,1,Miss,female,50.0,0,0,28.7125,C49,C,17595.0
0,2,Mr,male,30.0,0,0,13.0,,S,250653.0
0,3,Mr,male,36.0,0,0,0.0,,S,
0,3,Miss,female,,8,2,69.55,,S,2343.0
0,2,Mr,male,,0,0,15.05,,C,2131.0
0,3,Master,male,9.0,4,2,31.3875,,S,347077.0
1,2,Master,male,1.0,2,1,39.0,F4,S,230136.0
1,3,Miss,female,4.0,0,2,22.025,,S,315153.0
0,1,Mr,male,,0,0,50.0,A32,S,113767.0
1,3,Mrs,female,,1,0,15.5,,Q,370365.0
1,1,Mr,male,45.0,0,0,26.55,,S,111428.0
0,3,Mr,male,40.0,1,1,15.5,,Q,364849.0
0,3,Mr,male,36.0,0,0,7.8958,,S,349247.0
1,2,Mrs,female,32.0,0,0,13.0,,S,234604.0
0,2,Mr,male,19.0,0,0,13.0,,S,28424.0
1,3,Miss,female,19.0,1,0,7.8542,,S,350046.0
1,2,Master,male,3.0,1,1,26.0,F2,S,230080.0
1,1,Mrs,female,44.0,0,0,27.7208,B4,C,17610.0
1,1,Miss,female,58.0,0,0,146.5208,B80,C,17569.0
0,3,Mr,male,,0,0,7.75,,Q,368703.0
0,3,Mr,male,42.0,0,1,8.4042,,S,4579.0
1,3,Miss,female,,0,0,7.75,,Q,370370.0
0,2,Miss,female,24.0,0,0,13.0,,S,248747.0
0,3,Mr,male,28.0,0,0,9.5,,S,345770.0
0,3,Mr,male,,8,2,69.55,,S,2343.0
0,3,Mr,male,34.0,0,0,6.4958,,S,3101264.0
0,3,Mr,male,45.5,0,0,7.225,,C,2628.0
1,3,Mr,male,18.0,0,0,8.05,,S,3540.0
0,3,Miss,female,2.0,0,1,10.4625,G6,S,347054.0
0,3,Mr,male,32.0,1,0,15.85,,S,3101278.0
1,3,Mr,male,26.0,0,0,18.7875,,C,2699.0
1,3,Miss,female,16.0,0,0,7.75,,Q,367231.0
1,1,Mr,male,40.0,0,0,31.0,A31,C,112277.0
0,3,Mr,male,24.0,0,0,7.05,,S,3101311.0
1,2,Miss,female,35.0,0,0,21.0,,S,13528.0
0,3,Mr,male,22.0,0,0,7.25,,S,21174.0
0,2,Mr,male,30.0,0,0,13.0,,S,250646.0
0,3,Mr,male,,1,0,7.75,,Q,367229.0
1,1,Miss,female,31.0,1,0,113.275,D36,C,35273.0
1,3,Miss,female,27.0,0,0,7.925,,S,3101283.0
0,2,Mr,male,42.0,1,0,27.0,,S,243847.0
1,1,Miss,female,32.0,0,0,76.2917,D15,C,11813.0
0,2,Mr,male,30.0,0,0,10.5,,S,14208.0
1,3,Mr,male,16.0,0,0,8.05,,S,392089.0
0,2,Mr,male,27.0,0,0,13.0,,S,220367.0
0,3,Mr,male,51.0,0,0,8.05,,S,21440.0
0,3,Mr,male,,0,0,7.8958,,S,349234.0
1,1,Mr,male,38.0,1,0,90.0,C93,S,19943.0
0,3,Mr,male,22.0,0,0,9.35,,S,4348.0
1,2,Mr,male,19.0,0,0,10.5,,S,751.0
0,3,Mr,male,20.5,0,0,7.25,,S,21173.0
0,2,Mr,male,18.0,0,0,13.0,,S,236171.0
0,3,Miss,female,,3,1,25.4667,,S,4133.0
1,1,Mrs,female,35.0,1,0,83.475,C83,S,36973.0
0,3,Mr,male,29.0,0,0,7.775,,S,347067.0
0,2,Mr,male,59.0,0,0,13.5,,S,237442.0
1,3,Miss,female,5.0,4,2,31.3875,,S,347077.0
0,2,Mr,male,24.0,0,0,10.5,,S,29566.0
0,3,Miss,female,,0,0,7.55,,S,6609.0
0,2,Mr,male,44.0,1,0,26.0,,S,26707.0
1,2,Miss,female,8.0,0,2,26.25,,S,31921.0
0,2,Mr,male,19.0,0,0,10.5,,S,28665.0
0,2,Mr,male,33.0,0,0,12.275,,S,1585.0
0,3,Miss,female,,1,0,14.4542,,C,2665.0
1,3,Miss,female,,1,0,15.5,,Q,367230.0
0,2,Mr,male,29.0,0,0,10.5,,S,14263.0
0,3,Mr,male,22.0,0,0,7.125,,S,3101275.0
0,3,Mr,male,30.0,0,0,7.225,,C,2694.0
0,1,Dr,male,44.0,2,0,90.0,C78,Q,19928.0
0,3,Miss,female,25.0,0,0,7.775,,S,347071.0
1,2,Mrs,female,24.0,0,2,14.5,,S,250649.0
1,1,Mr,male,37.0,1,1,52.5542,D35,S,11751.0
0,2,Rev,male,54.0,1,0,26.0,,S,244252.0
0,3,Mr,male,,0,0,7.25,,S,362316.0
0,3,Mrs,female,29.0,1,1,10.4625,G6,S,347054.0
0,1,Mr,male,62.0,0,0,26.55,C87,S,113514.0
0,3,Mr,male,30.0,1,0,16.1,,S,3336.0
0,3,Mrs,female,41.0,0,2,20.2125,,S,370129.0
1,3,Mrs,female,29.0,0,2,15.2458,,C,2650.0
1,1,Mrs,female,,0,0,79.2,,C,17585.0
1,1,Miss,female,30.0,0,0,86.5,B77,S,110152.0
1,1,Miss,female,35.0,0,0,512.3292,,C,17755.0
1,2,Mrs,female,50.0,0,1,26.0,,S,230433.0
0,3,Mr,male,,0,0,7.75,,Q,384461.0
1,3,Master,male,3.0,4,2,31.3875,,S,347077.0
0,1,Mr,male,52.0,1,1,79.65,E67,S,110413.0
0,1,Mr,male,40.0,0,0,0.0,B94,S,112059.0
0,3,Miss,female,,0,0,7.75,,Q,382649.0
0,2,Mr,male,36.0,0,0,10.5,,S,17248.0
0,3,Mr,male,16.0,4,1,39.6875,,S,3101295.0
1,3,Mr,male,25.0,1,0,7.775,,S,347083.0
1,1,Mrs,female,58.0,0,1,153.4625,C125,S,17582.0
1,1,Miss,female,35.0,0,0,135.6333,C99,S,17760.0
0,1,Mr,male,,0,0,31.0,,S,113798.0
1,3,Mr,male,25.0,0,0,0.0,,S,
1,2,Mrs,female,41.0,0,1,19.5,,S,250644.0
0,1,Mr,male,37.0,0,1,29.7,C118,C,17596.0
1,3,Miss,female,,0,0,7.75,,Q,370375.0
1,1,Miss,female,63.0,1,0,77.9583,D7,S,13502.0
0,3,Miss,female,45.0,0,0,7.75,,S,347073.0
0,2,Mr,male,,0,0,0.0,,S,239853.0
0,3,Master,male,7.0,4,1,29.125,,Q,382652.0
1,3,Mrs,female,35.0,1,1,20.25,,S,2673.0
0,3,Mr,male,65.0,0,0,7.75,,Q,336439.0
0,3,Mr,male,28.0,0,0,7.8542,,S,347464.0
0,3,Mr,male,16.0,0,0,9.5,,S,345778.0
1,3,Mr,male,19.0,0,0,8.05,,S,10482.0
0,1,Mr,male,,0,0,26.0,A19,S,113056.0
0,3,Mr,male,33.0,0,0,8.6625,,C,349239.0
1,3,Mr,male,30.0,0,0,9.5,,S,345774.0
0,3,Mr,male,22.0,0,0,7.8958,,S,349206.0
1,2,Mr,male,42.0,0,0,13.0,,S,237798.0
1,3,Miss,female,22.0,0,0,7.75,,Q,370373.0
1,1,Miss,female,26.0,0,0,78.85,,S,19877.0
1,1,Mrs,female,19.0,1,0,91.0792,B49,C,11967.0
0,2,Mr,male,36.0,0,0,12.875,D,C,2163.0
0,3,Miss,female,24.0,0,0,8.85,,S,349236.0
0,3,Mr,male,24.0,0,0,7.8958,,S,349233.0
0,1,Mr,male,,0,0,27.7208,,C,17612.0
0,3,Mr,male,23.5,0,0,7.2292,,C,2693.0
0,1,Miss,female,2.0,1,2,151.55,C22 C26,S,113781.0
1,1,Mr,male,,0,0,30.5,C106,S,19988.0
1,1,Mrs,female,50.0,0,1,247.5208,B58 B60,C,17558.0
1,3,Miss,female,,0,0,7.75,,Q,9234.0
1,3,Mr,male,,2,0,23.25,,Q,367226.0
0,3,Mr,male,19.0,0,0,0.0,,S,
1,2,Miss,female,,0,0,12.35,E101,Q,226593.0
0,3,Mr,male,,0,0,8.05,,S,2466.0
1,1,Master,male,0.92,1,2,151.55,C22 C26,S,113781.0
1,1,Miss,female,,0,0,110.8833,,C,17421.0
1,1,Mrs,female,17.0,1,0,108.9,C65,C,17758.0
0,2,Mr,male,30.0,1,0,24.0,,C,3381.0
1,1,Miss,female,30.0,0,0,56.9292,E36,C,17485.0
1,1,Miss,female,24.0,0,0,83.1583,C54,C,11767.0
1,1,Miss,female,18.0,2,2,262.375,B57 B59 B63 B66,C,17608.0
0,2,Mrs,female,26.0,1,1,26.0,,S,250651.0
0,3,Mr,male,28.0,0,0,7.8958,,S,349243.0
0,2,Mr,male,43.0,1,1,26.25,,S,13529.0
1,3,Miss,female,26.0,0,0,7.8542,,S,347470.0
1,2,Mrs,female,24.0,1,0,26.0,,S,244367.0
0,2,Dr,male,54.0,0,0,14.0,,S,29011.0
1,1,Miss,female,31.0,0,2,164.8667,C7,S,36928.0
1,1,Mrs,female,40.0,1,1,134.5,E34,C,16966.0
0,3,Mr,male,22.0,0,0,7.25,,S,21172.0
0,3,Mr,male,27.0,0,0,7.8958,,S,349219.0
1,2,Miss,female,30.0,0,0,12.35,,Q,234818.0
1,2,Mrs,female,22.0,1,1,29.0,,S,248738.0
0,3,Mr,male,,8,2,69.55,,S,2343.0
1,1,Miss,female,36.0,0,0,135.6333,C32,C,17760.0
0,3,Mr,male,61.0,0,0,6.2375,,S,345364.0
1,2,Mrs,female,36.0,0,0,13.0,D,S,28551.0
1,3,Mrs,female,31.0,1,1,20.525,,S,363291.0
1,1,Miss,female,16.0,0,1,57.9792,B18,C,111361.0
1,3,Miss,female,,2,0,23.25,,Q,367226.0
0,1,Mr,male,45.5,0,0,28.5,C124,S,113043.0
0,1,Mr,male,38.0,0,1,153.4625,C91,S,17582.0
0,3,Mr,male,16.0,2,0,18.0,,S,345764.0
1,1,Mrs,female,,1,0,133.65,,S,17611.0
0,3,Mr,male,,0,0,7.8958,,S,349225.0
0,1,Mr,male,29.0,1,0,66.6,C2,S,113776.0
1,1,Miss,female,41.0,0,0,134.5,E40,C,16966.0
1,3,Mr,male,45.0,0,0,8.05,,S,7598.0
0,1,Mr,male,45.0,0,0,35.5,T,S,113784.0
1,2,Master,male,2.0,1,1,26.0,F2,S,230080.0
1,1,Miss,female,24.0,3,2,263.0,C23 C25 C27,S,19950.0
0,2,Mr,male,28.0,0,0,13.0,,S,248740.0
0,2,Mr,male,25.0,0,0,13.0,,S,244361.0
0,2,Mr,male,36.0,0,0,13.0,,S,229236.0
1,2,Miss,female,24.0,0,0,13.0,F33,S,248733.0
1,2,Miss,female,40.0,0,0,13.0,,S,31418.0
1,3,Mrs,female,,1,0,16.1,,S,386525.0
1,3,Master,male,3.0,1,1,15.9,,S,37671.0
0,3,Mr,male,42.0,0,0,8.6625,,S,315088.0
0,3,Mr,male,23.0,0,0,9.225,,S,7267.0
0,1,Mr,male,,0,0,35.0,C128,S,113510.0
0,3,Mr,male,15.0,1,1,7.2292,,C,2695.0
0,3,Mr,male,25.0,1,0,17.8,,S,349237.0
0,3,Mr,male,,0,0,7.225,,C,2647.0
0,3,Mr,male,28.0,0,0,9.5,,S,345783.0
1,1,Miss,female,22.0,0,1,55.0,E33,S,113505.0
0,2,Miss,female,38.0,0,0,13.0,,S,237671.0
1,3,Miss,female,,0,0,7.8792,,Q,330931.0
1,3,Miss,female,,0,0,7.8792,,Q,330980.0
0,3,Mr,male,40.0,1,4,27.9,,S,347088.0
0,2,Mr,male,29.0,1,0,27.7208,,C,2167.0
0,3,Mrs,female,45.0,0,1,14.4542,,C,2691.0
0,3,Mr,male,35.0,0,0,7.05,,S,3101310.0
0,3,Mr,male,,1,0,15.5,,Q,370365.0
0,3,Mr,male,30.0,0,0,7.25,,S,7076.0
1,1,Mrs,female,60.0,1,0,75.25,D37,C,110813.0
1,3,Mrs,female,,0,0,7.2292,,C,2626.0
1,3,Miss,female,,0,0,7.75,,Q,14313.0
1,1,Mme,female,24.0,0,0,69.3,B35,C,17477.0
1,1,Mr,male,25.0,1,0,55.4417,E50,C,11765.0
0,3,Mr,male,18.0,1,0,6.4958,,S,3101267.0
0,3,Mr,male,19.0,0,0,8.05,,S,323951.0
0,1,Mr,male,22.0,0,0,135.6333,,C,17760.0
0,3,Miss,female,3.0,3,1,21.075,,S,349909.0
1,1,Mrs,female,,1,0,82.1708,,C,17604.0
1,3,Miss,female,22.0,0,0,7.25,,S,7077.0
0,1,Mr,male,27.0,0,2,211.5,C82,C,113503.0
0,3,Mr,male,20.0,0,0,4.0125,,C,2648.0
0,3,Mr,male,19.0,0,0,7.775,,S,347069.0
1,1,Miss,female,42.0,0,0,227.525,,C,17757.0
1,3,Miss,female,1.0,0,2,15.7417,,C,2653.0
0,3,Mr,male,32.0,0,0,7.925,,S,3101293.0
1,1,Mrs,female,35.0,1,0,52.0,,S,113789.0
0,3,Mr,male,,0,0,7.8958,,S,349227.0
0,2,Mr,male,18.0,0,0,73.5,,S,14879.0
0,3,Master,male,1.0,5,2,46.9,,S,2144.0
1,2,Miss,female,36.0,0,0,13.0,,S,27849.0
0,3,Mr,male,,0,0,7.7292,,Q,367655.0
1,2,Miss,female,17.0,0,0,12.0,,C,1748.0
1,1,Mr,male,36.0,1,2,120.0,B96 B98,S,113760.0
1,3,Mr,male,21.0,0,0,7.7958,,S,350034.0
0,3,Mr,male,28.0,2,0,7.925,,S,3101277.0
1,1,Miss,female,23.0,1,0,113.275,D36,C,35273.0
1,3,Mrs,female,24.0,0,2,16.7,G6,S,9549.0
0,3,Mr,male,22.0,0,0,7.7958,,S,350052.0
0,3,Miss,female,31.0,0,0,7.8542,,S,350407.0
0,2,Mr,male,46.0,0,0,26.0,,S,28403.0
0,2,Dr,male,23.0,0,0,10.5,,S,244278.0
1,2,Mrs,female,28.0,0,0,12.65,,S,240929.0
1,3,Mr,male,39.0,0,0,7.925,,S,3101289.0
0,3,Mr,male,26.0,0,0,8.05,,S,341826.0
0,3,Miss,female,21.0,1,0,9.825,,S,4137.0
0,3,Mr,male,28.0,1,0,15.85,,S,3101279.0
0,3,Miss,female,20.0,0,0,8.6625,,S,315096.0
0,2,Mr,male,34.0,1,0,21.0,,S,28664.0
0,3,Mr,male,51.0,0,0,7.75,,S,347064.0
1,2,Master,male,3.0,1,1,18.75,,S,29106.0
0,3,Mr,male,21.0,0,0,7.775,,S,312992.0
0,3,Miss,female,,3,1,25.4667,,S,4133.0
0,3,Mr,male,,0,0,7.8958,,S,349222.0
0,3,Mr,male,,0,0,6.8583,,Q,394140.0
1,1,Miss,female,33.0,1,0,90.0,C78,Q,19928.0
0,2,Mr,male,,0,0,0.0,,S,239853.0
1,3,Mr,male,44.0,0,0,7.925,,S,3101269.0
0,3,Mrs,female,,0,0,8.05,,S,343095.0
1,2,Mrs,female,34.0,1,1,32.5,,S,28220.0
1,2,Miss,female,18.0,0,2,13.0,,S,250652.0
0,2,Mr,male,30.0,0,0,13.0,,S,28228.0
0,3,Miss,female,10.0,0,2,24.15,,S,345773.0
0,3,Mr,male,,0,0,7.8958,,C,349254.0
0,3,Mr,male,21.0,0,0,7.7333,,Q,13032.0
0,3,Mr,male,29.0,0,0,7.875,,S,315082.0
0,3,Mrs,female,28.0,1,1,14.4,,S,347080.0
0,3,Mr,male,18.0,1,1,20.2125,,S,370129.0
0,3,Mr,male,,0,0,7.25,,S,34244.0
1,2,Mrs,female,28.0,1,0,26.0,,S,2003.0
1,2,Miss,female,19.0,0,0,26.0,,S,250655.0
0,3,Mr,male,,0,0,7.75,,Q,364851.0
1,3,Mr,male,32.0,0,0,8.05,E10,S,392078.0
1,1,Mr,male,28.0,0,0,26.55,C52,S,110564.0
1,3,Mrs,female,,1,0,16.1,,S,376564.0
1,2,Mrs,female,42.0,1,0,26.0,,S,3085.0
0,3,Mr,male,17.0,0,0,7.125,,S,3101274.0
0,1,Mr,male,50.0,1,0,55.9,E44,S,13507.0
1,1,Miss,female,14.0,1,2,120.0,B96 B98,S,113760.0
0,3,Miss,female,21.0,2,2,34.375,,S,6608.0
1,2,Mrs,female,24.0,2,3,18.75,,S,29106.0
0,1,Mr,male,64.0,1,4,263.0,C23 C25 C27,S,19950.0
0,2,Mr,male,31.0,0,0,10.5,,S,18723.0
1,2,Mrs,female,45.0,1,1,26.25,,S,13529.0
0,3,Mr,male,20.0,0,0,9.5,,S,345769.0
0,3,Mr,male,25.0,1,0,7.775,,S,347076.0
1,2,Ms,female,28.0,0,0,13.0,,S,230434.0
1,3,Mr,male,,0,0,8.1125,,S,65306.0
1,1,Master,male,4.0,0,2,81.8583,A34,S,33638.0
1,2,Miss,female,13.0,0,1,19.5,,S,250644.0
1,1,Mr,male,34.0,0,0,26.55,,S,113794.0
1,3,Miss,female,5.0,2,1,19.2583,,C,2666.0
1,1,Major,male,52.0,0,0,30.5,C104,S,113786.0
0,2,Mr,male,36.0,1,2,27.75,,S,34651.0
0,3,Mr,male,,1,0,19.9667,,S,65303.0
0,1,Mr,male,30.0,0,0,27.75,C111,C,113051.0
1,1,Mr,male,49.0,1,0,89.1042,C92,C,17453.0
0,3,Mr,male,,0,0,8.05,,S,2817.0
1,3,Mr,male,29.0,0,0,7.8958,,C,349240.0
0,1,Mr,male,65.0,0,0,26.55,E38,S,13509.0
1,1,Mrs,female,,1,0,51.8625,D21,S,17464.0
1,2,Miss,female,50.0,0,0,10.5,,S,13531.0
0,3,Mr,male,,0,0,7.75,,Q,371060.0
1,1,Mr,male,48.0,0,0,26.55,E12,S,19952.0
0,3,Mr,male,34.0,0,0,8.05,,S,364506.0
0,1,Mr,male,47.0,0,0,38.5,E63,S,111320.0
0,2,Mr,male,48.0,0,0,13.0,,S,234360.0
0,3,Mr,male,,0,0,8.05,,S,2816.0
0,3,Mr,male,38.0,0,0,7.05,,S,3101306.0
0,2,Mr,male,,0,0,0.0,,S,239853.0
0,1,Mr,male,56.0,0,0,26.55,,S,113792.0
0,3,Mr,male,,0,0,7.725,,Q,36209.0
1,3,Miss,female,0.75,2,1,19.2583,,C,2666.0
0,3,Mr,male,,0,0,7.25,,S,323592.0
0,3,Mr,male,38.0,0,0,8.6625,,S,315089.0
1,2,Mrs,female,33.0,1,2,27.75,,S,34651.0
1,2,Mrs,female,23.0,0,0,13.7917,D,C,541.0
0,3,Miss,female,22.0,0,0,9.8375,,S,7553.0
0,1,Mr,male,,0,0,52.0,A14,S,110465.0
0,2,Mr,male,34.0,1,0,21.0,,S,31027.0
0,3,Mr,male,29.0,1,0,7.0458,,S,3460.0
0,3,Mr,male,22.0,0,0,7.5208,,S,350060.0
1,3,Miss,female,2.0,0,1,12.2875,,S,3101298.0
0,3,Master,male,9.0,5,2,46.9,,S,2144.0
0,2,Mr,male,,0,0,0.0,,S,239854.0
0,3,Mr,male,50.0,0,0,8.05,,S,3594.0
1,3,Mrs,female,63.0,0,0,9.5875,,S,4134.0
1,1,Mr,male,25.0,1,0,91.0792,B49,C,11967.0
0,3,Miss,female,,3,1,25.4667,,S,4133.0
1,1,Mrs,female,35.0,1,0,90.0,C93,S,19943.0
0,1,Mr,male,58.0,0,0,29.7,B37,C,11771.0
0,3,Mr,male,30.0,0,0,8.05,,S,18509.0
1,3,Master,male,9.0,1,1,15.9,,S,37671.0
0,3,Mr,male,,1,0,19.9667,,S,65304.0
0,3,Mr,male,21.0,0,0,7.25,,S,3101317.0
0,1,Mr,male,55.0,0,0,30.5,C30,S,113787.0
0,1,Mr,male,71.0,0,0,49.5042,,C,17609.0
0,3,Mr,male,21.0,0,0,8.05,,S,45380.0
0,3,Mr,male,,0,0,14.4583,,C,2627.0
1,1,Miss,female,54.0,1,0,78.2667,D20,C,36947.0
0,3,Mr,male,,0,0,15.1,,S,6212.0
0,1,Mrs,female,25.0,1,2,151.55,C22 C26,S,113781.0
0,3,Mr,male,24.0,0,0,7.7958,,S,350035.0
0,3,Mr,male,17.0,0,0,8.6625,,S,315086.0
0,3,Miss,female,21.0,0,0,7.75,,Q,364846.0
0,3,Miss,female,,0,0,7.6292,,Q,330909.0
0,3,Miss,female,37.0,0,0,9.5875,,S,4135.0
1,1,Miss,female,16.0,0,0,86.5,B79,S,110152.0
0,1,Mr,male,18.0,1,0,108.9,C65,C,17758.0
1,2,Mrs,female,33.0,0,2,26.0,,S,26360.0
1,1,Mr,male,,0,0,26.55,,S,111427.0
0,3,Mr,male,28.0,0,0,22.525,,S,4001.0
1,3,Mr,male,26.0,0,0,56.4958,,S,1601.0
1,3,Mr,male,29.0,0,0,7.75,,Q,382651.0
0,3,Mr,male,,0,0,8.05,,S,3101316.0
1,1,Mr,male,36.0,0,0,26.2875,E25,S,17473.0
1,1,Mrs,female,54.0,1,0,59.4,,C,17603.0
0,3,Mr,male,24.0,0,0,7.4958,,S,349209.0
0,1,Mr,male,47.0,0,0,34.0208,D46,S,36967.0
1,2,Mrs,female,34.0,0,0,10.5,F33,S,34260.0
0,3,Mr,male,,0,0,24.15,,Q,371110.0
1,2,Mrs,female,36.0,1,0,26.0,,S,226875.0
0,3,Mr,male,32.0,0,0,7.8958,,S,349242.0
1,1,Miss,female,30.0,0,0,93.5,B73,S,12749.0
0,3,Mr,male,22.0,0,0,7.8958,,S,349252.0
0,3,Mr,male,,0,0,7.225,,C,2624.0
1,1,Mrs,female,44.0,0,1,57.9792,B18,C,111361.0
0,3,Mr,male,,0,0,7.2292,,C,2700.0
0,3,Mr,male,40.5,0,0,7.75,,Q,367232.0
1,2,Miss,female,50.0,0,0,10.5,,S,14258.0
0,1,Mr,male,,0,0,221.7792,C95,S,17483.0
0,3,Mr,male,39.0,0,0,7.925,,S,3101296.0
0,2,Mr,male,23.0,2,1,11.5,,S,29104.0
1,2,Miss,female,2.0,1,1,26.0,,S,26360.0
0,3,Mr,male,,0,0,7.2292,,C,2641.0
0,3,Mr,male,17.0,1,1,7.2292,,C,2690.0
1,3,Mrs,female,,0,2,22.3583,,C,2668.0
0,3,Miss,female,30.0,0,0,8.6625,,S,315084.0
1,2,Miss,female,7.0,0,2,26.25,,S,13529.0
0,1,Major,male,45.0,0,0,26.55,B38,S,113050.0
1,1,Miss,female,30.0,0,0,106.425,,C,17761.0
0,3,Mr,male,,0,0,14.5,,S,364498.0
1,1,Miss,female,22.0,0,2,49.5,B39,C,13568.0
1,1,Miss,female,36.0,0,2,71.0,B22,S,5735.0
0,3,Miss,female,9.0,4,2,31.275,,S,347082.0
0,3,Miss,female,11.0,4,2,31.275,,S,347082.0
1,2,Mr,male,32.0,1,0,26.0,,S,2908.0
0,1,Mr,male,50.0,1,0,106.425,C86,C,17761.0
0,1,Mr,male,64.0,0,0,26.0,,S,693.0
1,2,Mrs,female,19.0,1,0,26.0,,S,2908.0
1,2,Mr,male,,0,0,13.8625,,C,2146.0
0,3,Mr,male,33.0,1,1,20.525,,S,363291.0
1,2,Master,male,8.0,1,1,36.75,,S,33112.0
1,1,Mr,male,17.0,0,2,110.8833,C70,C,17421.0
0,2,Mr,male,27.0,0,0,26.0,,S,244358.0
0,3,Mr,male,,0,0,7.8292,,Q,330979.0
1,3,Mr,male,22.0,0,0,7.225,,C,2620.0
1,3,Miss,female,22.0,0,0,7.775,,S,347085.0
0,1,Mr,male,62.0,0,0,26.55,,S,113807.0
1,1,Lady,female,48.0,1,0,39.6,A16,C,11755.0
0,1,Mr,male,,0,0,227.525,,C,17757.0
1,1,Mrs,female,39.0,1,1,79.65,E67,S,110413.0
1,3,Mrs,female,36.0,1,0,17.4,,S,345572.0
0,3,Mr,male,,0,0,7.75,,Q,372622.0
0,3,Mr,male,40.0,0,0,7.8958,,S,349251.0
0,2,Mr,male,28.0,0,0,13.5,,S,218629.0
0,3,Mr,male,,0,0,8.05,,S,392082.0
0,3,Miss,female,,0,0,8.05,,S,392087.0
0,3,Mr,male,24.0,2,0,24.15,,S,48871.0
0,3,Mr,male,19.0,0,0,7.8958,,S,349205.0
0,3,Mrs,female,29.0,0,4,21.075,,S,349909.0
0,3,Mr,male,,0,0,7.2292,,C,2686.0
1,3,Mr,male,32.0,0,0,7.8542,,S,350417.0
1,2,Mr,male,62.0,0,0,10.5,,S,752.0
1,1,Mrs,female,53.0,2,0,51.4792,C101,S,11769.0
1,1,Mr,male,36.0,0,0,26.3875,E25,S,17474.0
1,3,Miss,female,,0,0,7.75,,Q,14312.0
0,3,Mr,male,16.0,0,0,8.05,,S,20589.0
0,3,Mr,male,19.0,0,0,14.5,,S,358585.0
1,2,Miss,female,34.0,0,0,13.0,,S,243880.0
1,1,Mrs,female,39.0,1,0,55.9,E44,S,13507.0
0,3,Mrs,female,,1,0,14.4583,,C,2689.0
1,3,Mr,male,32.0,0,0,7.925,,S,3101286.0
1,2,Miss,female,25.0,1,1,30.0,,S,237789.0
1,1,Mrs,female,39.0,1,1,110.8833,C68,C,17421.0
0,2,Mr,male,54.0,0,0,26.0,,S,28403.0
0,1,Mr,male,36.0,0,0,40.125,A10,C,13049.0
0,3,Mr,male,,0,0,8.7125,,C,3411.0
1,1,Miss,female,18.0,0,2,79.65,E68,S,110413.0
0,2,Mr,male,47.0,0,0,15.0,,S,237565.0
1,1,Mr,male,60.0,1,1,79.2,B41,C,13567.0
0,3,Mr,male,22.0,0,0,8.05,,S,14973.0
0,3,Mr,male,,0,0,8.05,,S,3235.0
0,3,Mr,male,35.0,0,0,7.125,,S,3101273.0
1,1,Mrs,female,52.0,1,0,78.2667,D20,C,36947.0
0,3,Mr,male,47.0,0,0,7.25,,S,3902.0
0,3,Miss,female,,0,2,7.75,,Q,364848.0
0,2,Mr,male,37.0,1,0,26.0,,S,29037.0
0,3,Mr,male,36.0,1,1,24.15,,S,345773.0
1,2,Miss,female,,0,0,33.0,,S,248727.0
0,3,Mr,male,49.0,0,0,0.0,,S,
0,3,Mr,male,,0,0,7.225,,C,2664.0
1,1,Sir,male,49.0,1,0,56.9292,A20,C,17485.0
1,2,Mrs,female,24.0,2,1,27.0,,S,243847.0
0,3,Mr,male,,0,0,7.8958,,S,349214.0
0,1,Mr,male,,0,0,42.4,,S,113796.0
0,3,Mr,male,44.0,0,0,8.05,,S,364511.0
1,1,Mr,male,35.0,0,0,26.55,,C,111426.0
0,3,Mr,male,36.0,1,0,15.55,,S,349910.0
0,3,Mr,male,30.0,0,0,7.8958,,S,349246.0
1,1,Mr,male,27.0,0,0,30.5,,S,113804.0
1,2,Mrs,female,22.0,1,2,41.5792,,C,2123.0
1,1,Miss,female,40.0,0,0,153.4625,C125,S,17582.0
0,3,Mrs,female,39.0,1,5,31.275,,S,347082.0
0,3,Mr,male,,0,0,7.05,,S,3101305.0
1,3,Miss,female,,1,0,15.5,,Q,367230.0
0,3,Mr,male,,0,0,7.75,,Q,370377.0
0,3,Mr,male,35.0,0,0,8.05,,S,364512.0
1,2,Miss,female,24.0,1,2,65.0,,S,220845.0
0,3,Mr,male,34.0,1,1,14.4,,S,347080.0
0,3,Mrs,female,26.0,1,0,16.1,,S,3336.0
1,2,Miss,female,4.0,2,1,39.0,F4,S,230136.0
0,2,Mr,male,26.0,0,0,10.5,,S,31028.0
0,3,Mr,male,27.0,1,0,14.4542,,C,2659.0
1,1,Mr,male,42.0,1,0,52.5542,D19,S,11753.0
1,3,Mr,male,20.0,1,1,15.7417,,C,2653.0
0,3,Mr,male,21.0,0,0,7.8542,,S,350029.0
0,3,Mr,male,21.0,0,0,16.1,,S,54636.0
0,1,Mr,male,61.0,0,0,32.3208,D50,S,36963.0
0,2,Rev,male,57.0,0,0,12.35,,Q,219533.0
1,1,Miss,female,21.0,0,0,77.9583,D9,S,13502.0
0,3,Mr,male,26.0,0,0,7.8958,,S,349224.0
0,3,Mr,male,,0,0,7.7333,,Q,334912.0
1,1,Mr,male,80.0,0,0,30.0,A23,S,27042.0
0,3,Mr,male,51.0,0,0,7.0542,,S,347743.0
1,1,Dr,male,32.0,0,0,30.5,B50,C,13214.0
0,1,Mr,male,,0,0,0.0,,S,112052.0
0,3,Miss,female,9.0,3,2,27.9,,S,347088.0
1,2,Miss,female,28.0,0,0,13.0,,S,237668.0
0,3,Mr,male,32.0,0,0,7.925,,S,3101292.0
0,2,Mr,male,31.0,1,1,26.25,,S,31921.0
0,3,Mrs,female,41.0,0,5,39.6875,,S,3101295.0
0,3,Mr,male,,1,0,16.1,,S,376564.0
0,3,Mr,male,20.0,0,0,7.8542,,S,350050.0
1,1,Mlle,female,24.0,0,0,69.3,B35,C,17477.0
0,3,Miss,female,2.0,3,2,27.9,,S,347088.0
1,3,Mr,male,,0,0,56.4958,,S,1601.0
1,3,Miss,female,0.75,2,1,19.2583,,C,2666.0
1,1,Mr,male,48.0,1,0,76.7292,D33,C,17572.0
0,3,Mr,male,19.0,0,0,7.8958,,S,349231.0
1,1,Col,male,56.0,0,0,35.5,A26,C,13213.0
0,3,Mr,male,,0,0,7.55,,S,751.0
1,3,Miss,female,23.0,0,0,7.55,,S,2314.0
0,3,Mr,male,,0,0,7.8958,,S,349221.0
1,2,Miss,female,18.0,0,1,23.0,,S,231919.0
0,3,Mr,male,21.0,0,0,8.4333,,S,8475.0
1,3,Miss,female,,0,0,7.8292,,Q,330919.0
0,3,Miss,female,18.0,0,0,6.75,,Q,365226.0
0,2,Mr,male,24.0,2,0,73.5,,S,14879.0
0,3,Mr,male,,0,0,7.8958,,S,349223.0
0,3,Mrs,female,32.0,1,1,15.5,,Q,364849.0
0,2,Mr,male,23.0,0,0,13.0,,S,29751.0
0,1,Mr,male,58.0,0,2,113.275,D48,C,35273.0
1,1,Dr,male,50.0,2,0,133.65,,S,17611.0
0,3,Mr,male,40.0,0,0,7.225,,C,2623.0
0,1,Mr,male,47.0,0,0,25.5875,E58,S,5727.0
0,3,Mr,male,36.0,0,0,7.4958,,S,349210.0
1,3,Mr,male,20.0,1,0,7.925,,S,3101285.0
0,2,Mr,male,32.0,2,0,73.5,,S,14879.0
0,2,Mr,male,25.0,0,0,13.0,,S,234686.0
0,3,Mr,male,,0,0,7.775,,S,312993.0
0,3,Mr,male,43.0,0,0,8.05,,S,3536.0
1,1,Mrs,female,,1,0,52.0,C126,S,19996.0
1,2,Mrs,female,40.0,1,1,39.0,,S,29750.0
0,1,Mr,male,31.0,1,0,52.0,B71,S,12750.0
0,2,Mr,male,70.0,0,0,10.5,,S,24580.0
1,2,Mr,male,31.0,0,0,13.0,,S,244270.0
0,2,Mr,male,,0,0,0.0,,S,239856.0
0,3,Mr,male,18.0,0,0,7.775,,S,349912.0
0,3,Mr,male,24.5,0,0,8.05,,S,342826.0
1,3,Miss,female,18.0,0,0,9.8417,,S,4138.0
0,3,Mrs,female,43.0,1,6,46.9,,S,2144.0
1,1,Mr,male,36.0,0,1,512.3292,B51 B53 B55,C,17755.0
0,3,Miss,female,,0,0,8.1375,,Q,330935.0
1,1,Mr,male,27.0,0,0,76.7292,D49,C,17572.0
0,3,Mr,male,20.0,0,0,9.225,,S,6563.0
0,3,Mr,male,14.0,5,2,46.9,,S,2144.0
0,2,Mr,male,60.0,1,1,39.0,,S,29750.0
0,2,Mr,male,25.0,1,2,41.5792,,C,2123.0
0,3,Mr,male,14.0,4,1,39.6875,,S,3101295.0
0,3,Mr,male,19.0,0,0,10.1708,,S,349228.0
0,3,Mr,male,18.0,0,0,7.7958,,S,350036.0
1,1,Miss,female,15.0,0,1,211.3375,B5,S,24160.0
1,1,Mr,male,31.0,1,0,57.0,B20,S,17474.0
1,3,Miss,female,4.0,0,1,13.4167,,C,349256.0
1,3,Mr,male,,0,0,56.4958,,S,1601.0
0,3,Mr,male,25.0,0,0,7.225,,C,2672.0
0,1,Col,male,60.0,0,0,26.55,,S,113800.0
0,2,Mr,male,52.0,0,0,13.5,,S,248731.0
0,3,Mr,male,44.0,0,0,8.05,,S,363592.0
1,3,Miss,female,,0,0,7.7333,,Q,35852.0
0,1,Mr,male,49.0,1,1,110.8833,C68,C,17421.0
0,3,Mr,male,42.0,0,0,7.65,F G63,S,348121.0
1,1,Mrs,female,18.0,1,0,227.525,C62 C64,C,17757.0
1,1,Mr,male,35.0,0,0,26.2875,E24,S,17475.0
0,3,Miss,female,18.0,0,1,14.4542,,C,2691.0
0,3,Mr,male,25.0,0,0,7.7417,,Q,36864.0
0,3,Mr,male,26.0,1,0,7.8542,,S,350025.0
0,2,Mr,male,39.0,0,0,26.0,,S,250655.0
1,2,Mrs,female,45.0,0,0,13.5,,S,223596.0
1,1,Mr,male,42.0,0,0,26.2875,E24,S,17476.0
1,1,Miss,female,22.0,0,0,151.55,,S,113781.0
1,3,Master,male,,1,1,15.2458,,C,2661.0
1,1,Mlle,female,24.0,0,0,49.5042,C90,C,17482.0
0,1,Mr,male,,0,0,26.55,C124,S,113028.0
1,1,Mr,male,48.0,1,0,52.0,C126,S,19996.0
0,3,Mr,male,29.0,0,0,9.4833,,S,7545.0
0,2,Mr,male,52.0,0,0,13.0,,S,250647.0
0,3,Mr,male,19.0,0,0,7.65,F G73,S,348124.0
1,1,Miss,female,38.0,0,0,227.525,C45,C,17757.0
1,2,Miss,female,27.0,0,0,10.5,E101,S,34218.0
0,3,Mr,male,,0,0,15.5,,Q,36568.0
0,3,Mr,male,33.0,0,0,7.775,,S,347062.0
1,2,Miss,female,6.0,0,1,33.0,,S,248727.0
0,3,Mr,male,17.0,1,0,7.0542,,S,350048.0
0,2,Mr,male,34.0,0,0,13.0,,S,12233.0
0,2,Mr,male,50.0,0,0,13.0,,S,250643.0
1,1,Mr,male,27.0,1,0,53.1,E8,S,113806.0
0,3,Mr,male,20.0,0,0,8.6625,,S,315094.0
1,2,Mrs,female,30.0,3,0,21.0,,S,31027.0
1,3,Miss,female,,0,0,7.7375,,Q,36866.0
0,2,Mr,male,25.0,1,0,26.0,,S,236853.0
0,3,Miss,female,25.0,1,0,7.925,,S,3101271.0
1,1,Miss,female,29.0,0,0,211.3375,B5,S,24160.0
0,3,Mr,male,11.0,0,0,18.7875,,C,2699.0
0,2,Mr,male,,0,0,0.0,,S,239855.0
0,2,Mr,male,23.0,0,0,13.0,,S,28425.0
0,2,Mr,male,23.0,0,0,13.0,,S,233639.0
0,3,Mr,male,28.5,0,0,16.1,,S,54636.0
0,3,Mrs,female,48.0,1,3,34.375,,S,6608.0
1,1,Mr,male,35.0,0,0,512.3292,B101,C,17755.0
0,3,Mr,male,,0,0,7.8958,,S,349201.0
0,3,Mr,male,,0,0,7.8958,,S,349218.0
1,1,Mr,male,,0,0,30.0,D45,S,16988.0
0,1,Mr,male,36.0,1,0,78.85,C46,S,19877.0
1,1,Miss,female,21.0,2,2,262.375,B57 B59 B63 B66,C,17608.0
0,3,Mr,male,24.0,1,0,16.1,,S,376566.0
1,3,Mr,male,31.0,0,0,7.925,,S,3101288.0
0,1,Capt,male,70.0,1,1,71.0,B22,S,5735.0
0,3,Mr,male,16.0,1,1,20.25,,S,2673.0
1,2,Miss,female,30.0,0,0,13.0,,S,250648.0
0,1,Mr,male,19.0,1,0,53.1,D30,S,113773.0
0,3,Mr,male,31.0,0,0,7.75,,Q,335097.0
1,2,Miss,female,4.0,1,1,23.0,,S,29103.0
1,3,Master,male,6.0,0,1,12.475,E121,S,392096.0
0,3,Mr,male,33.0,0,0,9.5,,S,345780.0
0,3,Mr,male,23.0,0,0,7.8958,,S,349204.0
1,2,Mrs,female,48.0,1,2,65.0,,S,220845.0
1,2,Master,male,0.67,1,1,14.5,,S,250649.0
0,3,Mr,male,28.0,0,0,7.7958,,S,350042.0
0,2,Mr,male,18.0,0,0,11.5,,S,29108.0
0,3,Mr,male,34.0,0,0,8.05,,S,363294.0
1,1,the Countess,female,33.0,0,0,86.5,B77,S,110152.0
0,3,Mr,male,,0,0,14.5,,S,358585.0
0,3,Mr,male,41.0,0,0,7.125,,S,3101272.0
1,3,Mr,male,20.0,0,0,7.2292,,C,2663.0
1,1,Mrs,female,36.0,1,2,120.0,B96 B98,S,113760.0
0,3,Mr,male,16.0,0,0,7.775,,S,347074.0
1,1,Mrs,female,51.0,1,0,77.9583,D11,S,13502.0
0,1,Dr,male,,0,0,39.6,,C,112379.0
0,3,Miss,female,30.5,0,0,7.75,,Q,364850.0
0,3,Mr,male,,1,0,24.15,,Q,371110.0
0,3,Mr,male,32.0,0,0,8.3625,,S,8471.0
0,3,Mr,male,24.0,0,0,9.5,,S,345781.0
0,3,Mr,male,48.0,0,0,7.8542,,S,350047.0
0,2,Mrs,female,57.0,0,0,10.5,E77,S,3.0
0,3,Mr,male,,0,0,7.225,,C,2674.0
1,2,Mrs,female,54.0,1,3,23.0,,S,29105.0
0,3,Mr,male,18.0,0,0,7.75,,S,347078.0
0,3,Mr,male,,0,0,7.75,F38,Q,383121.0
1,3,Miss,female,5.0,0,0,12.475,,S,364516.0
0,3,Mr,male,,0,0,7.7375,,Q,36865.0
1,1,Mrs,female,43.0,0,1,211.3375,B3,S,24160.0
1,3,Miss,female,13.0,0,0,7.2292,,C,2687.0
1,1,Mrs,female,17.0,1,0,57.0,B20,S,17474.0
0,1,Mr,male,29.0,0,0,30.0,D6,S,113501.0
0,3,Mr,male,,1,2,23.45,,S,6607.0
0,3,Mr,male,25.0,0,0,7.05,,S,3101312.0
0,3,Mr,male,25.0,0,0,7.25,,S,374887.0
1,3,Miss,female,18.0,0,0,7.4958,,S,3101265.0
0,3,Master,male,8.0,4,1,29.125,,Q,382652.0
1,3,Master,male,1.0,1,2,20.575,,S,2315.0
0,1,Mr,male,46.0,0,0,79.2,B82 B84,C,17593.0
0,3,Mr,male,,0,0,7.75,,Q,12460.0
0,2,Mr,male,16.0,0,0,26.0,,S,239865.0
0,3,Miss,female,,8,2,69.55,,S,2343.0
0,1,Mr,male,,0,0,30.6958,,C,17600.0
0,3,Mr,male,25.0,0,0,7.8958,,S,349203.0
0,2,Mr,male,39.0,0,0,13.0,,S,28213.0
1,1,Dr,female,49.0,0,0,25.9292,D17,S,17465.0
1,3,Mrs,female,31.0,0,0,8.6833,,S,349244.0
0,3,Mr,male,30.0,0,0,7.2292,,C,2685.0
0,3,Mrs,female,30.0,1,1,24.15,,S,345773.0
0,2,Mr,male,34.0,0,0,13.0,,S,250647.0
1,2,Mrs,female,31.0,1,1,26.25,,S,31921.0
1,1,Master,male,11.0,1,2,120.0,B96 B98,S,113760.0
1,3,Master,male,0.42,0,1,8.5167,,C,2625.0
1,3,Mr,male,27.0,0,0,6.975,,S,347089.0
0,3,Mr,male,31.0,0,0,7.775,,S,347063.0
0,1,Mr,male,39.0,0,0,0.0,A36,S,112050.0
0,3,Miss,female,18.0,0,0,7.775,,S,347087.0
0,2,Mr,male,39.0,0,0,13.0,,S,248723.0
1,1,Mrs,female,33.0,1,0,53.1,E8,S,113806.0
0,3,Mr,male,26.0,0,0,7.8875,,S,3474.0
0,3,Mr,male,39.0,0,0,24.15,,S,48871.0
0,2,Mr,male,35.0,0,0,10.5,,S,28206.0
0,3,Miss,female,6.0,4,2,31.275,,S,347082.0
0,3,Mr,male,30.5,0,0,8.05,,S,364499.0
0,1,Mr,male,,0,0,0.0,B102,S,112058.0
0,3,Miss,female,23.0,0,0,7.925,,S,3101290.0
0,2,Mr,male,31.0,1,1,37.0042,,C,2079.0
0,3,Mr,male,43.0,0,0,6.45,,S,7075.0
0,3,Master,male,10.0,3,2,27.9,,S,347088.0
1,1,Mrs,female,52.0,1,1,93.5,B69,S,12749.0
1,3,Mr,male,27.0,0,0,8.6625,,S,315098.0
0,1,Jonkheer,male,38.0,0,0,0.0,,S,19972.0
1,3,Mrs,female,27.0,0,1,12.475,E121,S,392096.0
0,3,Master,male,2.0,4,1,39.6875,,S,3101295.0
0,3,Mr,male,,0,0,6.95,,Q,368323.0
0,3,Mr,male,,0,0,56.4958,,S,1601.0
1,2,Master,male,1.0,0,2,37.0042,,C,2079.0
1,3,Mr,male,,0,0,7.75,,Q,367228.0
1,1,Mrs,female,62.0,0,0,80.0,B28,,113572.0
1,3,Mrs,female,15.0,1,0,14.4542,,C,2659.0
1,2,Master,male,0.83,1,1,18.75,,S,29106.0
0,3,Mr,male,,0,0,7.2292,,C,2671.0
0,3,Mr,male,23.0,0,0,7.8542,,S,347468.0
0,3,Mr,male,18.0,0,0,8.3,,S,2223.0
1,1,Miss,female,39.0,1,1,83.1583,E49,C,17756.0
0,3,Mr,male,21.0,0,0,8.6625,,S,315097.0
0,3,Mr,male,,0,0,8.05,,S,392092.0
1,3,Mr,male,32.0,0,0,56.4958,,S,1601.0
1,1,Mr,male,,0,0,29.7,C47,C,11774.0
0,3,Mr,male,20.0,0,0,7.925,,S,3101287.0
0,2,Mr,male,16.0,0,0,10.5,,S,3.0
1,1,Miss,female,30.0,0,0,31.0,,C,113798.0
0,3,Mr,male,34.5,0,0,6.4375,,C,2683.0
0,3,Mr,male,17.0,0,0,8.6625,,S,315090.0
0,3,Mr,male,42.0,0,0,7.55,,S,5547.0
0,3,Mr,male,,8,2,69.55,,S,2343.0
0,3,Mr,male,35.0,0,0,7.8958,,C,349213.0
0,2,Rev,male,28.0,0,1,33.0,,S,248727.0
1,1,Mrs,female,,1,0,89.1042,C92,C,17453.0
0,3,Master,male,4.0,4,2,31.275,,S,347082.0
0,3,Mr,male,74.0,0,0,7.775,,S,347060.0
0,3,Miss,female,9.0,1,1,15.2458,,C,2678.0
1,1,Miss,female,16.0,0,1,39.4,D28,S,17592.0
0,2,Mrs,female,44.0,1,0,26.0,,S,244252.0
1,3,Mrs,female,18.0,0,1,9.35,,S,392091.0
1,1,Mrs,female,45.0,1,1,164.8667,,S,36928.0
1,1,Mr,male,51.0,0,0,26.55,E17,S,113055.0
1,3,Mrs,female,24.0,0,3,19.2583,,C,2666.0
0,3,Mr,male,,0,0,7.2292,,C,2629.0
0,3,Mr,male,41.0,2,0,14.1083,,S,350026.0
0,2,Mr,male,21.0,1,0,11.5,,S,28134.0
1,1,Mrs,female,48.0,0,0,25.9292,D17,S,17466.0
0,3,Miss,female,,8,2,69.55,,S,2343.0
0,2,Mr,male,24.0,0,0,13.0,,S,233866.0
1,2,Mrs,female,42.0,0,0,13.0,,S,236852.0
1,2,Miss,female,27.0,1,0,13.8583,,C,2149.0
0,1,Mr,male,31.0,0,0,50.4958,A24,S,17590.0
0,3,Mr,male,,0,0,9.5,,S,345777.0
1,3,Master,male,4.0,1,1,11.1333,,S,347742.0
0,3,Mr,male,26.0,0,0,7.8958,,S,349248.0
1,1,Mrs,female,47.0,1,1,52.5542,D35,S,11751.0
0,1,Mr,male,33.0,0,0,5.0,B51 B53 B55,S,695.0
0,3,Mr,male,47.0,0,0,9.0,,S,345765.0
1,2,Mrs,female,28.0,1,0,24.0,,C,3381.0
1,3,Miss,female,15.0,0,0,7.225,,C,2667.0
0,3,Mr,male,20.0,0,0,9.8458,,S,7534.0
0,3,Mr,male,19.0,0,0,7.8958,,S,349212.0
0,3,Mr,male,,0,0,7.8958,,S,349217.0
1,1,Mrs,female,56.0,0,1,83.1583,C50,C,11767.0
1,2,Mrs,female,25.0,0,1,26.0,,S,230433.0
0,3,Mr,male,33.0,0,0,7.8958,,S,349257.0
0,3,Miss,female,22.0,0,0,10.5167,,S,7552.0
0,2,Mr,male,28.0,0,0,10.5,,S,34068.0
0,3,Mr,male,25.0,0,0,7.05,,S,392076.0
0,3,Mrs,female,39.0,0,5,29.125,,Q,382652.0
0,2,Rev,male,27.0,0,0,13.0,,S,211536.0
1,1,Miss,female,19.0,0,0,30.0,B42,S,112053.0
0,3,Miss,female,,1,2,23.45,,S,6607.0
1,1,Mr,male,26.0,0,0,30.0,C148,C,111369.0
0,3,Mr,male,32.0,0,0,7.75,,Q,370376.0
